1,Dr,Lilyan,Ravenhill,07/22/2001,Female,lravenhill0@wikimedia.org,Automation Specialist III,52466,723
2,Mrs,Tammie,Perrington,09/01/1969,Male,tperrington1@tiny.cc,Sales Representative,-928,3885
3,Ms,Jessy,Sudran,09/02/1976,Female,jsudran2@illinois.edu,Associate Professor,59655,4997
4,Dr,Amelina,Rollin,07/26/1972,Female,arollin3@noaa.gov,Financial Advisor,84844,2793
5,Mrs,Verene,Purton,11/23/1965,Female,vpurton4@infoseek.co.jp,Mechanical Systems Engineer,429,668
6,Mr,Alejandro,Gamwell,12/15/1987,Male,agamwell5@newyorker.com,Health Coach II,24453,1697
7,Ms,Hermina,Glavis,05/18/1974,Female,hglavis6@friendfeed.com,Systems Administrator III,15556,1556
8,Honorable,Frederick,Abramski,07/25/2002,Male,fabramski7@squarespace.com,Statistician I,-137,2148
9,Honorable,Erl,Goodswen,11/06/1961,Genderqueer,egoodswen8@w3.org,VP Product Management,68761,89
10,Rev,Trudie,Daoust,11/22/1996,Female,tdaoust9@reference.com,Registered Nurse,56111,3393
11,Honorable,Licha,Vaszoly,04/15/1985,Female,lvaszolya@blogtalkradio.com,Nurse,32997,1989
12,Mr,Archer,Greenroa,08/03/1971,Male,agreenroab@disqus.com,Help Desk Technician,373,686
13,Mr,Maisie,Cantle,02/15/1972,Female,mcantlec@simplemachines.org,Desktop Support Technician,44066,3218
14,Mrs,Eva,Grabiec,09/07/1991,Female,egrabiecd@free.fr,Staff Accountant I,44547,2589
15,Ms,Bernelle,Ciccetti,04/07/1988,Female,bciccettie@purevolume.com,Programmer II,55508,3401
16,Honorable,Kim,Kubasek,12/06/1963,Male,kkubasekf@joomla.org,Assistant Media Planner,62926,4695
17,Mr,Bale,Pendered,07/17/1980,Male,bpenderedg@house.gov,VP Marketing,49381,4856
18,Mr,Micheil,Sinncock,10/13/1993,Male,msinncockh@slideshare.net,Mechanical Systems Engineer,28447,2813
19,Ms,Rayner,Aloshkin,08/09/1956,Male,raloshkini@jiathis.com,Legal Assistant,26140,3453
20,Dr,Charlot,Nyssens,04/19/1985,Female,cnyssensj@ustream.tv,GIS Technical Architect,29296,644
21,Mrs,Katrina,Hyams,07/28/1999,Female,khyamsk@disqus.com,Design Engineer,41816,635
22,Mr,Filberte,Attarge,02/27/1968,Male,fattargel@oakley.com,Chief Design Engineer,1261,458
23,Ms,Vonny,Hanselmann,01/07/1991,Non-binary,vhanselmannm@noaa.gov,Sales Representative,15130,115
24,Mrs,Linus,Aistrop,10/25/1965,Male,laistropn@mapquest.com,Administrative Officer,66033,4658
25,Mr,Richy,Fowle,11/16/2000,Male,rfowleo@google.de,Safety Technician III,31835,1051
26,Mr,Tristam,Eckery,09/01/1981,Male,teckeryp@pagesperso-orange.fr,Product Engineer,70574,229
27,Mrs,Worthington,Dougharty,06/09/1993,Male,wdoughartyq@ycombinator.com,Administrative Officer,65720,794
28,Dr,Ferdy,Eatherton,03/25/1959,Male,feathertonr@e-recht24.de,Compensation Analyst,65055,2010
29,Honorable,Care,Stannett,08/25/1985,Male,cstannetts@rambler.ru,Web Developer II,12291,2538
30,Dr,Earle,Scorer,10/28/1979,Male,escorert@youku.com,Sales Representative,41154,915
31,Honorable,Vernor,Geeve,10/23/1989,Male,vgeeveu@wikipedia.org,Product Engineer,80940,3308
32,Mrs,Calvin,Dorie,01/01/1987,Genderfluid,cdoriev@jigsy.com,Structural Engineer,13309,2703
33,Rev,Dale,Phythean,06/22/1989,Female,dphytheanw@dedecms.com,Marketing Assistant,56919,4766
34,Rev,Nessy,Haacker,09/06/1959,Female,nhaackerx@theatlantic.com,Help Desk Operator,6161,2482
35,Ms,Fair,Place,11/16/1998,Male,fplacey@sciencedaily.com,Data Coordiator,31553,2570
36,Mr,Genevra,Menauteau,12/04/1977,Genderfluid,gmenauteauz@domainmarket.com,Senior Cost Accountant,47715,202
37,Dr,Lionel,Dafter,09/05/1977,Male,ldafter10@europa.eu,Geological Engineer,-157,1355
38,Mr,Dudley,Lockner,06/11/1957,Male,dlockner11@independent.co.uk,Nurse Practicioner,15471,802
39,Dr,Stefania,Hildred,01/26/1966,Female,shildred12@ucoz.com,Pharmacist,28343,3942
40,Ms,Aleta,Olphert,10/13/1987,Non-binary,aolphert13@istockphoto.com,VP Accounting,58453,1891
41,Mr,Cherye,Scintsbury,07/03/1968,Female,cscintsbury14@google.es,Geological Engineer,38452,2662
42,Rev,Alexandr,Fayers,12/13/1997,Male,afayers15@seattletimes.com,VP Sales,7716,35
43,Rev,Timmi,Sproat,02/02/1995,Female,tsproat16@dell.com,Desktop Support Technician,13825,2686
44,Ms,Dixie,Hundell,12/27/2000,Female,dhundell17@elegantthemes.com,Statistician IV,71456,3446
45,Dr,Cari,Larchiere,10/15/1988,Female,clarchiere18@xing.com,Web Developer IV,21062,4212
46,Rev,Gabey,Smout,10/02/1971,Female,gsmout19@usnews.com,Assistant Manager,39693,4088
47,Honorable,Willyt,Brinklow,06/08/1979,Genderqueer,wbrinklow1a@msu.edu,Software Consultant,37181,4467
48,Dr,Phelia,Bernolet,02/08/1973,Female,pbernolet1b@soundcloud.com,VP Marketing,57952,3578
49,Dr,Marjory,Yerson,07/07/1983,Female,myerson1c@senate.gov,Information Systems Manager,3881,592
50,Ms,Wenona,Edinborough,06/04/1976,Female,wedinborough1d@uiuc.edu,Actuary,19390,3087
51,Dr,Ash,Greenhow,09/10/1964,Male,agreenhow1e@google.co.jp,Assistant Manager,1586,208
52,Mr,Chevalier,Carlton,08/16/1985,Non-binary,ccarlton1f@oakley.com,Desktop Support Technician,52032,4494
53,Honorable,Brocky,Knevit,05/15/1974,Male,bknevit1g@facebook.com,Software Test Engineer I,11301,2802
54,Rev,Roddy,Lewson,11/21/2000,Male,rlewson1h@loc.gov,Recruiting Manager,43536,4758
55,Ms,Ranee,Georgievski,05/12/1984,Female,rgeorgievski1i@goodreads.com,Computer Systems Analyst III,14983,4993
56,Mrs,Gwen,Vogeller,11/03/1966,Female,gvogeller1j@netvibes.com,Engineer II,76678,2389
57,Rev,Reynolds,Feldon,07/24/1976,Male,rfeldon1k@apple.com,Structural Engineer,74894,1337
58,Rev,Luca,O'Hern,01/06/2002,Male,lohern1l@wikipedia.org,Dental Hygienist,2618,1927
59,Honorable,Dur,Ashburner,10/21/1971,Male,dashburner1m@va.gov,Community Outreach Specialist,37855,4737
60,Dr,Graeme,McBrearty,04/25/2002,Male,gmcbrearty1n@typepad.com,Research Assistant I,40982,18
61,Rev,Idalia,Barneville,05/22/1992,Female,ibarneville1o@domainmarket.com,Web Developer III,66060,4177
62,Dr,Jeffie,Jerschke,05/16/1956,Male,jjerschke1p@1und1.de,Software Test Engineer IV,72963,2308
63,Mr,Manfred,Casterton,09/26/1972,Male,mcasterton1q@sitemeter.com,Compensation Analyst,42038,3121
64,Rev,Guthrie,Grishaev,05/05/1959,Male,ggrishaev1r@yahoo.co.jp,Human Resources Assistant III,36664,3340
65,Mr,Cleopatra,Francesco,08/03/1977,Female,cfrancesco1s@tinyurl.com,Engineer I,46551,2934
66,Ms,Carola,Fruchon,03/02/2000,Female,cfruchon1t@netlog.com,Civil Engineer,10772,3102
67,Mr,Lamont,Hannibal,11/03/1993,Male,lhannibal1u@scientificamerican.com,Geologist III,35629,3704
68,Ms,Spenser,Timbridge,09/24/1992,Male,stimbridge1v@youtube.com,Web Designer I,28896,894
69,Honorable,Daphene,Grigorini,07/12/1983,Female,dgrigorini1w@mapy.cz,Information Systems Manager,62559,2886
70,Ms,Sharia,Kitchiner,01/03/1996,Female,skitchiner1x@state.tx.us,Food Chemist,55595,4844
71,Honorable,Oralie,Bottomore,12/09/1972,Female,obottomore1y@jigsy.com,Recruiting Manager,4487,2632
72,Mrs,Madison,Sarver,02/01/1957,Male,msarver1z@comcast.net,Assistant Professor,60734,4197
73,Rev,Elisabeth,Braidman,07/22/1997,Female,ebraidman20@deviantart.com,Teacher,24767,3418
74,Mr,Kacy,Coode,12/03/1967,Polygender,kcoode21@bizjournals.com,Programmer Analyst IV,54518,4356
75,Rev,Leonie,Cathrae,01/21/1963,Female,lcathrae22@sphinn.com,Registered Nurse,17629,3796
76,Mr,Jefferson,Quakley,11/25/1965,Male,jquakley23@ycombinator.com,Accounting Assistant III,77037,729
77,Ms,Pauly,MacGiany,04/03/1980,Female,pmacgiany24@yahoo.co.jp,Research Associate,57016,3474
78,Rev,Barney,Lochet,01/10/1967,Male,blochet25@edublogs.org,Engineer I,34216,4026
79,Ms,Rita,Sewley,05/24/1995,Female,rsewley26@exblog.jp,Administrative Officer,20113,2951
80,Ms,Oren,Phelit,12/13/1956,Male,ophelit27@cnet.com,Marketing Manager,10811,2866
81,Ms,Torrey,Atteridge,07/25/1971,Non-binary,tatteridge28@wikia.com,Computer Systems Analyst II,3989,3471
82,Dr,Roch,Pikett,05/12/1988,Female,rpikett29@cafepress.com,Nuclear Power Engineer,32236,3050
83,Honorable,Claudie,Gateland,04/04/1995,Genderqueer,cgateland2a@independent.co.uk,Administrative Assistant I,74203,122
84,Mr,Mabelle,Waudby,02/13/1969,Female,mwaudby2b@cbc.ca,Marketing Manager,68098,3480
85,Mr,Sayer,Seeney,01/27/2001,Male,sseeney2c@w3.org,Senior Quality Engineer,1141,1976
86,Ms,Tansy,Kupper,09/25/1996,Female,tkupper2d@dagondesign.com,Sales Associate,21073,4268
87,Mrs,Koralle,McKinnon,02/15/1986,Female,kmckinnon2e@etsy.com,Mechanical Systems Engineer,31581,1496
88,Rev,Ingra,Helbeck,05/20/1989,Male,ihelbeck2f@amazon.de,Cost Accountant,23915,2528
89,Mr,Judye,Jobern,12/04/1976,Female,jjobern2g@privacy.gov.au,VP Accounting,44172,3781
90,Rev,Joline,Ipsly,07/10/1970,Female,jipsly2h@toplist.cz,Senior Developer,13874,4634
91,Honorable,Freddy,Hendrickx,03/19/1962,Male,fhendrickx2i@so-net.ne.jp,Programmer II,-864,3916
92,Rev,Cherie,Baumert,02/02/1958,Female,cbaumert2j@zdnet.com,Cost Accountant,62247,2351
93,Honorable,Robbie,Drysdall,05/21/1998,Male,rdrysdall2k@nationalgeographic.com,Compensation Analyst,31521,927
94,Mrs,Arlen,Ridpath,03/10/1967,Female,aridpath2l@huffingtonpost.com,Geologist IV,35378,1041
95,Honorable,Sheilakathryn,Stollberger,09/20/1984,Agender,sstollberger2m@webnode.com,Clinical Specialist,43396,4387
96,Rev,Ariel,Saxon,12/28/1983,Male,asaxon2n@g.co,Programmer II,9065,3658
97,Mr,Alic,Candy,04/14/1995,Male,acandy2o@japanpost.jp,Structural Engineer,40708,713
98,Ms,Carmelia,Pauli,09/04/1974,Female,cpauli2p@auda.org.au,Administrative Officer,4015,1781
99,Dr,Jasun,Ridpath,11/01/1975,Male,jridpath2q@ifeng.com,Paralegal,60523,1070
100,Honorable,Lana,Frapwell,11/18/1970,Female,lfrapwell2r@is.gd,VP Accounting,13591,4473
